model,n,df,F,p_interaction,beta_young,lo_young,hi_young,p_young,beta_mid,lo_mid,hi_mid,p_mid,beta_old,lo_old,hi_old,p_old
Combined common sample: waist,3072,40,5.7060838916899925,0.006605132024118042,0.026539467571304556,0.003794891981340646,0.04928404316126847,0.023335035064416337,0.05169634929772783,0.013731183341065885,0.08966151525438978,0.008858109207626206,-0.018675801158259703,-0.051239825589853315,0.01388822327333391,0.25328535491124665
Combined common sample: BMI,3072,40,4.910944678741496,0.012382147351221378,0.030402049161187317,0.0058003084988895205,0.05500378982348511,0.016718417884311877,0.060068039475415995,0.02337064431343157,0.09676543463740042,0.001992662639424673,-0.008532025644527475,-0.04681654662670105,0.0297524953376461,0.6548442022992667
Combined common sample: waist_to_height,3072,40,7.12665944467361,0.0022525456948998992,0.025171746940967025,0.00288828218317708,0.047455211698756966,0.02781780252339611,0.05152382037959129,0.014280366354583109,0.08876727440459947,0.007911834381387506,-0.024426435854471632,-0.05724388765647964,0.008391015947536374,0.14035691755429425
Combined available sample: waist,3079,40,5.686345214417727,0.006707390836025757,0.026628791939299665,0.0038030106523518244,0.04945457322624751,0.023361483418853406,0.051127368660162854,0.013243568464532403,0.0890111688557933,0.00942854863814398,-0.018904066247744128,-0.051323350759703755,0.0135152182642155,0.24555562443142695
Combined available sample: BMI,3072,40,4.910944678741496,0.012382147351221378,0.030402049161187317,0.0058003084988895205,0.05500378982348511,0.016718417884311877,0.060068039475415995,0.02337064431343157,0.09676543463740042,0.001992662639424673,-0.008532025644527475,-0.04681654662670105,0.0297524953376461,0.6548442022992667
Combined available sample: waist_to_height,3074,40,7.131092419977865,0.0022451961972351,0.025180854896930945,0.002889695250810752,0.04747201454305114,0.027815376436894856,0.051494555424937756,0.014251205384488236,0.08873790546538728,0.007944152397287034,-0.024444810875337075,-0.05725223714395279,0.008362615393278646,0.13994894622832488
2017-Mar2020 WHR-common sample: waist,1899,25,1.9644213178648238,0.16129164460761586,0.027472218888002692,0.005900914069941653,0.04904352370606373,0.014637764108110662,0.03878444233957217,-0.006186640365236078,0.08375552504438041,0.08787224897014821,-0.00897126213703632,-0.05301224555326486,0.035069721279192216,0.6784097203921412
2017-Mar2020 WHR-common sample: BMI,1899,25,2.1365538038524483,0.13912005584219309,0.03238114813310533,0.009877162651276111,0.05488513361493455,0.006590696582958971,0.048461376298382215,0.004043563307262861,0.09287918928950156,0.033710678693207,-0.00460641410836761,-0.05368538506867054,0.04447255685193532,0.8482839800067482
2017-Mar2020 WHR-common sample: waist_to_height,1899,25,2.8012310293639744,0.07985378503628746,0.02822741430333349,0.006854483592602455,0.049600345014064524,0.01170154995081727,0.03639860691564865,-0.0053383147646366355,0.07813552859593392,0.08457226771257986,-0.01352574923523879,-0.055288523144114275,0.028237024673636694,0.5108664890554329
2017-Mar2020 WHR-common sample: WHR,1899,25,1.4873840436707535,0.24528383194737294,0.06766001413909581,0.033719419200958174,0.10160060907723345,0.000377541110756101,0.08819572413760648,0.02640677224930759,0.14998467602590537,0.0069757574813757075,0.03699906008417919,-0.023906961292722406,0.09790508146108079,0.22247118562716786
2017-Mar2020 available sample: waist,1907,25,1.8971673467716121,0.17096688671544163,0.02754265834552011,0.005930176153439031,0.049155140537601186,0.014580404143214553,0.03847628888670054,-0.006430936932660121,0.0833835147060612,0.08984676221532581,-0.008494374732707588,-0.052588465427527466,0.03559971596211229,0.6949157567815
2017-Mar2020 available sample: BMI,1901,25,2.104816545574601,0.14294660218037564,0.0324308033653251,0.009942091172247002,0.054919515558403194,0.006488005000392599,0.04870657469138939,0.004123228687882972,0.0932899206948958,0.03349562502269,-0.004029194818015724,-0.05334972467758376,0.04529133504155231,0.867738753671021
2017-Mar2020 available sample: waist_to_height,1903,25,2.7547238525282878,0.0829508392373295,0.028423747512425712,0.007066672622288661,0.04978082240256276,0.01114527023642769,0.036803686115899084,-0.00518525660706564,0.07879262883886382,0.08310131533071484,-0.012748933535333712,-0.05469988974502498,0.029202022674357557,0.5370563022748062
2017-Mar2020 available sample: WHR,1905,25,1.4708389019046018,0.24893966589587443,0.06774458536830358,0.033751076250521615,0.10173809448608553,0.00037877532435326346,0.08775318045239347,0.026157559038098306,0.14934880186668864,0.007069077752196577,0.03686426177953722,-0.02399120013570344,0.09771972369477788,0.2237374294784834
