age,beta_HOMA,SE,CI_low,CI_high,p
20,0.02934083666310157,0.014615652222584014,-0.000198498357238161,0.0588801716834413,0.05148603316805728
21,0.02885402714541733,0.01342827744561534,0.001714466065879383,0.055993588224955274,0.037760871940437875
22,0.028398972837148664,0.01253331775056128,0.003068192772600488,0.05372975290169684,0.02894224237689554
23,0.027979202094897283,0.011956869647098084,0.003813467106047297,0.05214493708374727,0.024359611482298725
24,0.02759824327526495,0.011701597000626129,0.003948433550017786,0.05124805300051212,0.023323268972431158
25,0.02725962473485337,0.011740987537966681,0.0035302037639762737,0.050989045705730464,0.025423525628754707
26,0.026966874830264286,0.012023480092453442,0.002666515109569244,0.05126723455095933,0.030514903483644863
27,0.026723521918099423,0.012484244256523667,0.0014919230846670087,0.05195512075153184,0.038456647545216834
28,0.026533094354960506,0.013057569592344198,0.00014276179466213637,0.05292342691525888,0.048830949998123666
29,0.02639912049744928,0.013684814571877445,-0.0012589214546768965,0.05405716244957546,0.06083693694655106
30,0.02632512870216746,0.014317401036307504,-0.002611418185459166,0.055261675589794085,0.07339496621128995
31,0.026314647325716777,0.01491670114094862,-0.003833130254807981,0.05646242490624154,0.0853504649193997
32,0.026371204724698977,0.015452670580364333,-0.004859807499785127,0.05760221694918308,0.09565380100805898
33,0.026498329255715772,0.015902318780872147,-0.005641455881110171,0.05863811439254171,0.10346323008530992
34,0.026699549275368894,0.016248484926919094,-0.006139863740189707,0.05953896229092749,0.10818004657530447
35,0.026978261935830757,0.016479169776192883,-0.006327382551511607,0.06028390642317312,0.10945157203722602
36,0.027329992123514207,0.016593169049190292,-0.006206053488996031,0.06086603773602445,0.10738025744024468
37,0.027738062712904753,0.01660263723050153,-0.0058171188078445825,0.06129324423365409,0.10258817160686617
38,0.028184746943053316,0.016523292203167273,-0.005210072295607573,0.0615795661817142,0.09580793700743565
39,0.028652318053010814,0.01637281182963391,-0.004438369005977702,0.06174300511199933,0.0877878610677218
40,0.029123049281828153,0.016170213707716215,-0.003558171698830239,0.06180427026248654,0.07924063907571793
41,0.029579213868556255,0.015935270769801793,-0.002627169722157048,0.06178559745926956,0.07080064425902244
42,0.030003085052246033,0.015687872970738082,-0.001703288935163666,0.06170945903965573,0.06299132169856504
43,0.030376936071948406,0.015447275382294876,-0.0008431720504916904,0.0615970441943885,0.05620740988093225
44,0.030683040166714286,0.01523121072132407,-0.0001003849867228443,0.06146646532015142,0.05071642323960746
45,0.030903670575594587,0.01505489609242387,0.0004765905795786306,0.06133075057161054,0.04668027981521494
46,0.03102110053764022,0.014930025778182206,0.0008463928607179046,0.06119580821456254,0.044192998381033674
47,0.031017603291902104,0.014863897044065823,0.0009765467720945151,0.061058659811709694,0.04332675710990575
48,0.030875452077431153,0.014858837488044814,0.0008446213017835012,0.06090628285307881,0.04417822097596299
49,0.030576920133278288,0.014912069232771923,0.0004385039883796106,0.06071533627817696,0.0469097991532945
50,0.030104280698494416,0.015016059938726959,-0.0002443085030305603,0.06045286990001939,0.05178472141152068
51,0.029439807012130455,0.015159305503477227,-0.0011982922750818116,0.06007790629934272,0.05919886175266889
52,0.028565772313237318,0.015327409490314187,-0.002412077804783499,0.05954362243125813,0.06971547712359853
53,0.027464449840865927,0.015504300051898129,-0.0038709094379496475,0.0587998091196815,0.08411174860002425
54,0.02611811283406719,0.015673456520918536,-0.005559124421396638,0.05779535008953102,0.10344864782346844
55,0.02450903453189202,0.015819082226695758,-0.007462523253714135,0.05648059231749818,0.1291782281675757
56,0.022619488173391333,0.015927230862704925,-0.009570646158948138,0.05480962250573081,0.16330401220556362
57,0.020431746997616046,0.015986954330820872,-0.011879092966356308,0.0527425869615884,0.20860717307715293
58,0.017929660794989737,0.01599217069021734,-0.014391721824585816,0.050251043414565294,0.2689089239858752
59,0.015115406765643205,0.015949176842813374,-0.0171190820470096,0.04734989557829601,0.3489610444234351
60,0.012002986245002211,0.015874475843231196,-0.020080526215763776,0.0440864987057682,0.454008313351732
61,0.008606597637414124,0.015789965369701377,-0.023306112785077618,0.04051930805990586,0.588733563143025
62,0.00494043934722628,0.015722267138742894,-0.026835447846708,0.03671632654116056,0.7549779636656622
63,0.0010187097787860595,0.015701825473761984,-0.03071586326911842,0.032753282826690544,0.9485939608409351
64,-0.0031443926635592034,0.01576145559162929,-0.03499948267520636,0.028710697348087955,0.8428832367278752
65,-0.0075346695754621405,0.015934201714324334,-0.03973889252445907,0.024669553373534794,0.6388822036783214
66,-0.012137922552575401,0.016250606939965852,-0.044981624316480714,0.02070577921132991,0.4594792660829351
67,-0.016939953190551645,0.016735829364628068,-0.0507643260557665,0.016884419674663212,0.3175278289160788
68,-0.02192656308504349,0.017407289277114237,-0.05710800705496134,0.013254880884874365,0.21510696488444223
69,-0.02708355383170361,0.018273488273008714,-0.06401565127533179,0.009848543611924578,0.146143591354796
70,-0.032396727026184624,0.019334256222025857,-0.07147271646639702,0.006679262414027769,0.10161518841973378
71,-0.0378518842641392,0.0205821737512045,-0.07945000911170635,0.0037462405834279566,0.07333775354002346
72,-0.04343482714121996,0.022004593935838063,-0.08790777041862491,0.0010381161361849925,0.05532783136421311
73,-0.04913135725307956,0.023585679569639195,-0.09679979379492679,-0.0014629207112323364,0.043678171216519894
74,-0.05492727619537065,0.025308080929887816,-0.10607681573864641,-0.003777736652094889,0.03597537784894522
75,-0.06080838556374588,0.027154123004092288,-0.11568891531266624,-0.005927855814825522,0.030758491745626133
76,-0.06676048695385788,0.02910653815059969,-0.12558699490704556,-0.007933979000670187,0.02714154368763586
77,-0.07276938196135929,0.03114885195714919,-0.1357235600882469,-0.00981520383447168,0.0245792990549432
78,-0.07882087218190276,0.03326553722096595,-0.14605303080451437,-0.011588713559291156,0.02272884819312549
79,-0.08490075921114096,0.0354420290621312,-0.15653177193113404,-0.013269746491147871,0.021369078954627356
80,-0.09099484464472649,0.03766466615137995,-0.1671179744873822,-0.014871714802070793,0.020353683000904354
