group,statistic,variable,estimate,SE,design_df,q25,q75
Overall,n,n,3254.0,,,,
Overall,weighted_population,population,144323806.98993617,,,,
Overall,mean,AGE,42.82856441557988,0.4785814812213658,40.0,,
Overall,mean,male,48.6088970646463,1.2400572136288086,40.0,,
Overall,mean,HbA1c,5.253283409931854,0.007427364701219891,40.0,,
Overall,mean,Fasting_glucose,99.3522292558964,0.2755295590682028,40.0,,
Overall,mean,Waist,96.76262560968655,0.4887920581555397,40.0,,
Overall,mean,BMI,28.259227405320566,0.1937911054957979,40.0,,
Overall,mean,Total_chol,187.87877643782213,1.1479396765376568,40.0,,
Overall,mean,HDL,57.16478186970474,0.49750054730304666,40.0,,
Overall,mean,Non_HDL,130.71399456811739,1.0955869798610067,40.0,,
Overall,median,Fasting_insulin,7.83,,,5.1231531343389705,12.54130402945317
Overall,median,HOMA_IR,1.9512499062302375,,,1.227362868521002,3.195275919966427
Overall,median,hs_CRP,1.47,,,0.64,3.232281696057108
20-39,n,n,1531.0,,,,
20-39,weighted_population,population,70450019.70750755,,,,
20-39,mean,AGE,28.956118614137488,0.22102588326001252,40.0,,
20-39,mean,male,49.57603381661259,1.6424639810446198,40.0,,
20-39,mean,HbA1c,5.17136628870215,0.009531123162315348,40.0,,
20-39,mean,Fasting_glucose,97.06107395684633,0.4133173605277875,40.0,,
20-39,mean,Waist,95.08333291521001,0.7840842955369882,40.0,,
20-39,mean,BMI,28.34982706507461,0.31157912567138757,40.0,,
20-39,mean,Total_chol,176.28771198014485,1.4946963074731359,40.0,,
20-39,mean,HDL,54.26448358024664,0.6491501238248298,40.0,,
20-39,mean,Non_HDL,122.02322839989822,1.3818614531380582,40.0,,
20-39,median,Fasting_insulin,8.16,,,5.06,13.41
20-39,median,HOMA_IR,1.9873434579446598,,,1.1957389397392777,3.24362485493351
20-39,median,hs_CRP,1.39,,,0.57,3.3
40-54,n,n,810.0,,,,
40-54,weighted_population,population,36161766.41297254,,,,
40-54,mean,AGE,46.655287061947845,0.22920486940982115,40.0,,
40-54,mean,male,50.89460547601651,2.443133697984151,40.0,,
40-54,mean,HbA1c,5.290128337185837,0.013275708562626927,40.0,,
40-54,mean,Fasting_glucose,100.39758932113743,0.5763807202528828,40.0,,
40-54,mean,Waist,97.35855515189438,0.8720221859518534,40.0,,
40-54,mean,BMI,28.407543187390605,0.3236908125313303,40.0,,
40-54,mean,Total_chol,199.34866283323294,2.298811296952016,40.0,,
40-54,mean,HDL,56.402846026346516,0.935498232623576,40.0,,
40-54,mean,Non_HDL,142.9458168068864,2.084982539073085,40.0,,
40-54,median,Fasting_insulin,7.62,,,4.95741841917535,11.86
40-54,median,HOMA_IR,1.939261808636601,,,1.1878815396521718,3.096575928183907
40-54,median,hs_CRP,1.44,,,0.7,3.15
55+,n,n,913.0,,,,
55+,weighted_population,population,37712020.86945607,,,,
55+,mean,AGE,65.07433672626583,0.3259969131346101,40.0,,
55+,mean,male,44.610435740656506,2.0465206478624816,40.0,,
55+,mean,HbA1c,5.3709828874411185,0.008823776859510144,40.0,,
55+,mean,Fasting_glucose,102.62996051040092,0.48483453190658615,40.0,,
55+,mean,Waist,99.32828866050981,0.7252165812103956,40.0,,
55+,mean,BMI,27.948164290030718,0.3162038290437226,40.0,,
55+,mean,Total_chol,198.5337176898732,2.287794126378474,40.0,,
55+,mean,HDL,63.31345840024226,1.1145002064259206,40.0,,
55+,mean,Non_HDL,135.22025928963097,2.3029202607463706,40.0,,
55+,median,Fasting_insulin,7.59,,,5.308671939906237,11.738407766348672
55+,median,HOMA_IR,1.8912216255550276,,,1.3235120591810878,3.1539651467922445
55+,median,hs_CRP,1.5879716242381403,,,0.7972483815655961,3.37
