Characteristic,Overall,20-39,40-54,55+
Unweighted n,"3,254","1,531",810,913
"Weighted population, millions",144.3,70.5,36.2,37.7
"Age, years",42.8 (0.5),29.0 (0.2),46.7 (0.2),65.1 (0.3)
"Male, %",48.6 (1.2),49.6 (1.6),50.9 (2.4),44.6 (2.0)
"HbA1c, %",5.25 (0.01),5.17 (0.01),5.29 (0.01),5.37 (0.01)
"Fasting glucose, mg/dL",99.4 (0.3),97.1 (0.4),100.4 (0.6),102.6 (0.5)
"Waist circumference, cm",96.8 (0.5),95.1 (0.8),97.4 (0.9),99.3 (0.7)
"BMI, kg/m^2",28.3 (0.2),28.3 (0.3),28.4 (0.3),27.9 (0.3)
"Total cholesterol, mg/dL",187.9 (1.1),176.3 (1.5),199.3 (2.3),198.5 (2.3)
"HDL cholesterol, mg/dL",57.2 (0.5),54.3 (0.6),56.4 (0.9),63.3 (1.1)
"Non-HDL cholesterol, mg/dL",130.7 (1.1),122.0 (1.4),142.9 (2.1),135.2 (2.3)
"Fasting insulin, uU/mL","7.83 [5.12, 12.54]","8.16 [5.06, 13.41]","7.62 [4.96, 11.86]","7.59 [5.31, 11.74]"
HOMA-IR,"1.95 [1.23, 3.20]","1.99 [1.20, 3.24]","1.94 [1.19, 3.10]","1.89 [1.32, 3.15]"
"hs-CRP, mg/L","1.47 [0.64, 3.23]","1.39 [0.57, 3.30]","1.44 [0.70, 3.15]","1.59 [0.80, 3.37]"
