analysis,n_corrected,F,p
Primary model,3079,5.6863452143245965,0.006707390836512145
Raw hs-CRP outcome,3079,3.964483367116473,0.026868195364527944
Log-transformed HOMA-IR,3079,1.8565395426837248,0.16942279958385476
Raw hs-CRP + log HOMA-IR,3079,1.4291562660462493,0.2514771192796625
No continuous HbA1c adjustment,3079,5.5741918365297805,0.007320850561780502
BMI substituted for waist,3072,4.910944678756632,0.01238214735107092
"hs-CRP <=10, log outcome",2895,2.57998210975709,0.08833402979284934
"hs-CRP <=10, raw outcome",2895,4.0255226920391385,0.025535420670190146
HbA1c <6.0,4018,5.739069281372827,0.006437883833755871
HbA1c <6.5,4492,5.576718652330832,0.007306399067900453
No HbA1c cutoff,4639,5.740771686206009,0.006429373598430902
Leave-one-cluster-out,3023-3063,,
