deleted_cluster,n,F,p,df_den
15_119|15_1,3217,5.919323636781093,0.0056882294376951826,39
15_119|15_2,3229,5.601059794250631,0.007272433949773235,39
15_120|15_1,3207,5.506341179452052,0.007828831615222003,39
15_120|15_2,3217,7.655868545008659,0.0015679521918596962,39
15_121|15_1,3200,5.341589075162933,0.008905886141368903,39
15_121|15_2,3206,5.590491779054695,0.007332398081814963,39
15_122|15_1,3208,5.458412082188178,0.008127264195183044,39
15_122|15_2,3216,6.583270583858228,0.0034404481006846976,39
15_123|15_1,3226,5.582586532037746,0.007377593078373354,39
15_123|15_2,3207,3.594527656619249,0.036918817252574704,39
15_124|15_1,3196,5.640560379469719,0.0070528284778423374,39
15_124|15_2,3217,5.31511216830813,0.00909302092516127,39
15_125|15_1,3216,5.374408826621254,0.008679524760899473,39
15_125|15_2,3210,6.966489162221344,0.0025887874164529727,39
15_126|15_1,3224,7.0742205933169044,0.0023916326517207822,39
15_126|15_2,3208,5.897093831767483,0.005786107033970589,39
15_127|15_1,3214,6.140294642525924,0.004804809758579881,39
15_127|15_2,3214,4.822145642080825,0.013447395235234104,39
15_128|15_1,3219,5.706754197212582,0.006700309388081593,39
15_128|15_2,3212,6.350114719050153,0.00409879939616438,39
15_129|15_1,3212,5.132509405842324,0.010501615283931124,39
15_129|15_2,3201,5.594856141853914,0.007307571423097936,39
15_130|15_1,3199,5.23936213589995,0.009651597744253353,39
15_130|15_2,3221,6.018978993072456,0.005270364846644508,39
15_131|15_1,3200,5.704424366437396,0.006712397220923977,39
15_131|15_2,3213,5.750272843264091,0.006478678870205033,39
15_132|15_1,3212,5.5322035470517115,0.007672604828834161,39
15_132|15_2,3210,5.855432703723204,0.0059743396132767015,39
15_133|15_1,3205,5.348733923952103,0.008856084249587452,39
15_133|15_2,3227,5.567587759837283,0.007464149212123492,39
P_149|P_1,3213,5.787581797610998,0.006294809042892711,39
P_149|P_2,3207,6.216415789515561,0.0045349380890276104,39
P_150|P_1,3219,5.928387274789227,0.00564882327207414,39
P_150|P_2,3226,5.785690363823593,0.006303997318727414,39
P_151|P_1,3207,4.665777064374763,0.015249654706053412,39
P_151|P_2,3201,6.1386090678771135,0.004810973273711053,39
P_152|P_1,3224,5.541453507565614,0.007617527287621162,39
P_152|P_2,3200,5.558087794438369,0.007519524082057559,39
P_153|P_1,3225,5.028166479345086,0.01140790143685488,39
P_153|P_2,3223,5.15915034933748,0.010282573078674155,39
P_154|P_1,3224,5.74991483509193,0.00648047034642321,39
P_154|P_2,3216,5.669970927027712,0.006893852710543734,39
P_155|P_1,3215,4.062919261264869,0.024957872769237346,39
P_155|P_2,3208,5.88761933469928,0.0058283597995775205,39
P_156|P_1,3213,5.709527634684771,0.00668594982449353,39
P_156|P_2,3208,5.896901953928074,0.005786959536159554,39
P_156|P_3,3198,5.557897236587641,0.007520639243482052,39
P_157|P_1,3220,5.821964254882489,0.006130216171511426,39
P_157|P_2,3215,5.947759163688152,0.005565558794653022,39
P_158|P_1,3202,5.105575357855165,0.010728059906116354,39
P_158|P_2,3210,4.824190611003877,0.013425366812811996,39
P_159|P_1,3201,7.302916990473033,0.002023600254928467,39
P_159|P_2,3198,6.894039940476937,0.0027309293522148415,39
P_160|P_1,3223,7.04757766180246,0.0024388740485562295,39
P_160|P_2,3238,6.132223561180456,0.004834398171855338,39
P_161|P_1,3222,5.540778358645843,0.0076215332669019,39
P_161|P_2,3206,5.7662575404664915,0.006399219520229723,39
P_162|P_1,3210,5.813922651277889,0.006168302602311488,39
P_162|P_2,3223,4.989257114708545,0.011766586947493314,39
P_163|P_1,3224,5.2401153414472805,0.009645869476420533,39
P_163|P_2,3216,5.3842170652966574,0.008613056403283224,39
P_164|P_1,3211,4.979576503864342,0.01185765653680901,39
P_164|P_2,3208,5.157832421112587,0.01029329537998955,39
P_165|P_1,3224,6.130589556403628,0.004840411679681928,39
P_165|P_2,3201,5.888401597915591,0.005824858939592016,39
P_166|P_1,3217,5.558536995038317,0.007516896008174596,39
P_166|P_2,3200,5.616787739148651,0.007184144536731342,39
P_167|P_1,3212,5.338930733452931,0.008924490711966201,39
P_167|P_2,3223,5.813146494837962,0.0061719917547125415,39
P_168|P_1,3213,5.8078091479240594,0.006197423623071332,39
P_168|P_2,3208,5.690506541677504,0.006785086059860722,39
P_169|P_1,3221,6.327692215878321,0.004168748314721981,39
P_169|P_2,3209,5.627793393312685,0.007123034489365681,39
P_170|P_1,3207,5.8149330645595505,0.006163503475667835,39
P_170|P_2,3210,5.657261127114907,0.0069620870141577,39
P_171|P_1,3205,6.243960671854011,0.0044412511938354314,39
P_171|P_2,3211,5.450632585003204,0.008176820849734593,39
P_172|P_1,3216,5.632589871142875,0.007096572751816821,39
P_172|P_2,3218,6.917490955637276,0.002684042307040004,39
