analysis,age_group,beta,CI_low,CI_high,p
Primary,20-39,0.026628791939513247,0.003803010652685901,0.049454573226340594,0.023361483417127654
Primary,40-54,0.05112736866067216,0.013243568465135427,0.0890111688562089,0.009428548637329368
Primary,55+,-0.018904066246802364,-0.05132335075875448,0.013515218265149748,0.24555562445444323
Raw outcome,20-39,0.12687269863303985,0.018359818671582692,0.235385578594497,0.023075598596127355
Raw outcome,40-54,0.16030360053367051,-0.05631912108766904,0.3769263221550101,0.14260097390208992
Raw outcome,55+,-0.1092320271337312,-0.2821547066547893,0.06369065238732691,0.20907904128610266
Log HOMA,20-39,0.127081003753101,-0.0068027903338080675,0.26096479784001003,0.06221982953550618
Log HOMA,40-54,0.17221663643971735,-0.005860348814807154,0.35029362169424183,0.057649304791126135
Log HOMA,55+,-0.004578038451727828,-0.15291766626295022,0.14376158935949457,0.9505755088198089
Raw outcome + log HOMA,20-39,0.47520807373381946,-0.14580631361539698,1.0962224610830358,0.1298473074740295
Raw outcome + log HOMA,40-54,0.33755678580073334,-0.6207665300233373,1.295880101624804,0.48066010813793236
Raw outcome + log HOMA,55+,-0.16481877053153116,-0.9370561669991889,0.6074186259361266,0.6685237363553818
No continuous HbA1c adjustment,20-39,0.028436847566261685,0.005338575999111247,0.05153511913341212,0.017103860804596072
No continuous HbA1c adjustment,40-54,0.052065443155615475,0.013577977943339745,0.0905529083678912,0.009274129059016598
No continuous HbA1c adjustment,55+,-0.01708493655096631,-0.04967997487243279,0.015510101770500169,0.29579028633770366
BMI instead of waist,20-39,0.031175042675448447,0.0075167080338071415,0.05483337731708975,0.011098122517573047
BMI instead of waist,40-54,0.058638877318488894,0.02244021323962731,0.09483754139735048,0.002192251325799965
BMI instead of waist,55+,-0.009452827483753798,-0.04520660120551647,0.026300946238008875,0.5960600252527746
hs-CRP <=10,20-39,0.024873356469154277,0.005416424237963891,0.04433028870034467,0.01353407327168668
hs-CRP <=10,40-54,0.04777977685848392,0.011768990204059887,0.08379056351290795,0.010595483883984574
hs-CRP <=10,55+,-0.004200407906197499,-0.0367038640540258,0.0283030482416308,0.795291712947858
HbA1c <6.0,20-39,0.018527239935035102,-0.003356167781214628,0.04041064765128483,0.09480614390458753
HbA1c <6.0,40-54,0.04476772289923091,0.006959175052761564,0.08257627074570026,0.021491310262057486
HbA1c <6.0,55+,-0.01895701947891901,-0.04574435829503561,0.007830319337197592,0.16040039958231617
HbA1c <6.5,20-39,0.011990295403756408,-0.01010303703841774,0.03408362784593055,0.2792622584717816
HbA1c <6.5,40-54,0.03712205667135354,0.004619949436178758,0.06962416390652833,0.026230031568391807
HbA1c <6.5,55+,-0.028963336638727327,-0.05682113880660175,-0.0011055344708529036,0.04196308377882859
No HbA1c cutoff,20-39,0.011490853739564832,-0.008098494244480791,0.031080201723610455,0.24280074961230258
No HbA1c cutoff,40-54,0.03492282752742622,0.00649843688994169,0.06334721816491075,0.017314924055090067
No HbA1c cutoff,55+,-0.021176422161698617,-0.04559943974711403,0.0032465954237167957,0.08736641986128187
