age_group,beta,SE,CI_low,CI_high,p,model,outcome,exposure
Young (20-39),0.12687269863303985,0.05369066412956182,0.018359818671582692,0.235385578594497,0.023075598596127355,Raw hs-CRP ~ Raw HOMA-IR,hs_CRP,HOMA_IR
Midlife (40-54),0.16030360053367051,0.10718191051176604,-0.05631912108766904,0.3769263221550101,0.14260097390208992,Raw hs-CRP ~ Raw HOMA-IR,hs_CRP,HOMA_IR
Older (55+),-0.1092320271337312,0.08555973733115096,-0.2821547066547893,0.06369065238732691,0.20907904128610266,Raw hs-CRP ~ Raw HOMA-IR,hs_CRP,HOMA_IR
Young (20-39),0.026628791939513247,0.011293879187440077,0.003803010652685901,0.049454573226340594,0.023361483417127654,Log hs-CRP ~ Raw HOMA-IR,log_hs_CRP,HOMA_IR
Midlife (40-54),0.05112736866067216,0.018744377561193223,0.013243568465135427,0.0890111688562089,0.009428548637329368,Log hs-CRP ~ Raw HOMA-IR,log_hs_CRP,HOMA_IR
Older (55+),-0.018904066246802364,0.01604061118523605,-0.05132335075875448,0.013515218265149748,0.24555562445444323,Log hs-CRP ~ Raw HOMA-IR,log_hs_CRP,HOMA_IR
Young (20-39),0.47520807373381946,0.3072692836337531,-0.14580631361539698,1.0962224610830358,0.1298473074740295,Raw hs-CRP ~ Log HOMA-IR,hs_CRP,log_HOMA_IR
Midlife (40-54),0.33755678580073334,0.4741650511507375,-0.6207665300233373,1.295880101624804,0.48066010813793236,Raw hs-CRP ~ Log HOMA-IR,hs_CRP,log_HOMA_IR
Older (55+),-0.16481877053153116,0.3820923257843604,-0.9370561669991889,0.6074186259361266,0.6685237363553818,Raw hs-CRP ~ Log HOMA-IR,hs_CRP,log_HOMA_IR
Young (20-39),0.127081003753101,0.06624383965539275,-0.0068027903338080675,0.26096479784001003,0.06221982953550618,Log hs-CRP ~ Log HOMA-IR,log_hs_CRP,log_HOMA_IR
Midlife (40-54),0.17221663643971735,0.08811001613726978,-0.005860348814807154,0.35029362169424183,0.057649304791126135,Log hs-CRP ~ Log HOMA-IR,log_hs_CRP,log_HOMA_IR
Older (55+),-0.004578038451727828,0.07339638517331266,-0.15291766626295025,0.1437615893594946,0.9505755088198089,Log hs-CRP ~ Log HOMA-IR,log_hs_CRP,log_HOMA_IR
